{"assets/.DS_Store":["assets/.DS_Store"],"assets/comingSoon.png":["assets/comingSoon.png"],"assets/fonts/OpenSansRomanBold.ttf":["assets/fonts/OpenSansRomanBold.ttf"],"assets/fonts/OpenSansRomanRegular.ttf":["assets/fonts/OpenSansRomanRegular.ttf"],"assets/fonts/OpenSansRomanSemiBold.ttf":["assets/fonts/OpenSansRomanSemiBold.ttf"],"assets/icons/academicIcons/academics_attendance_icon.svg":["assets/icons/academicIcons/academics_attendance_icon.svg"],"assets/icons/academicIcons/academics_fill_co_scholastic.svg":["assets/icons/academicIcons/academics_fill_co_scholastic.svg"],"assets/icons/academicIcons/academics_home_icon.svg":["assets/icons/academicIcons/academics_home_icon.svg"],"assets/icons/academicIcons/academics_library_icon.svg":["assets/icons/academicIcons/academics_library_icon.svg"],"assets/icons/academicIcons/academics_payment_icon.svg":["assets/icons/academicIcons/academics_payment_icon.svg"],"assets/icons/academicIcons/academics_result_icon.svg":["assets/icons/academicIcons/academics_result_icon.svg"],"assets/icons/academicIcons/academics_time_table_icon.svg":["assets/icons/academicIcons/academics_time_table_icon.svg"],"assets/icons/arrow_down.svg":["assets/icons/arrow_down.svg"],"assets/icons/arrow_up.svg":["assets/icons/arrow_up.svg"],"assets/icons/arrowdown_icon.svg":["assets/icons/arrowdown_icon.svg"],"assets/icons/bottomBar/calendar_select.svg":["assets/icons/bottomBar/calendar_select.svg"],"assets/icons/bottomBar/calendar_unselect.svg":["assets/icons/bottomBar/calendar_unselect.svg"],"assets/icons/bottomBar/home_select.svg":["assets/icons/bottomBar/home_select.svg"],"assets/icons/bottomBar/home_unselect.svg":["assets/icons/bottomBar/home_unselect.svg"],"assets/icons/bottomBar/logout.svg":["assets/icons/bottomBar/logout.svg"],"assets/icons/bottomBar/message_select.svg":["assets/icons/bottomBar/message_select.svg"],"assets/icons/bottomBar/message_unselect.svg":["assets/icons/bottomBar/message_unselect.svg"],"assets/icons/bottomBar/profile_select.svg":["assets/icons/bottomBar/profile_select.svg"],"assets/icons/bottomBar/profile_unselect.svg":["assets/icons/bottomBar/profile_unselect.svg"],"assets/icons/calendar_icon.svg":["assets/icons/calendar_icon.svg"],"assets/icons/graduation.png":["assets/icons/graduation.png"],"assets/icons/homework_icons/completed_checkBox.svg":["assets/icons/homework_icons/completed_checkBox.svg"],"assets/icons/homework_icons/icon_comp.svg":["assets/icons/homework_icons/icon_comp.svg"],"assets/icons/homework_icons/icon_homework_filter.svg":["assets/icons/homework_icons/icon_homework_filter.svg"],"assets/icons/homework_icons/icon_homework_upload_file.svg":["assets/icons/homework_icons/icon_homework_upload_file.svg"],"assets/icons/homework_icons/icon_not_comp.svg":["assets/icons/homework_icons/icon_not_comp.svg"],"assets/icons/homework_icons/icon_not_sub.svg":["assets/icons/homework_icons/icon_not_sub.svg"],"assets/icons/homework_icons/icon_not_sub1.svg":["assets/icons/homework_icons/icon_not_sub1.svg"],"assets/icons/notification.png":["assets/icons/notification.png"],"assets/icons/payment/icon_bank.svg":["assets/icons/payment/icon_bank.svg"],"assets/icons/payment/icon_credit_card.svg":["assets/icons/payment/icon_credit_card.svg"],"assets/icons/payment/icon_upi.png":["assets/icons/payment/icon_upi.png"],"assets/icons/payment/img_google_pay.png":["assets/icons/payment/img_google_pay.png"],"assets/icons/payment/img_hdfc.png":["assets/icons/payment/img_hdfc.png"],"assets/icons/payment/img_phonepe.png":["assets/icons/payment/img_phonepe.png"],"assets/icons/payment/img_sbi.png":["assets/icons/payment/img_sbi.png"],"assets/icons/payment/img_upi.png":["assets/icons/payment/img_upi.png"],"assets/icons/payment/transaction_success.svg":["assets/icons/payment/transaction_success.svg"],"assets/icons/reminder_icon.png":["assets/icons/reminder_icon.png"],"assets/icons/save_icon.svg":["assets/icons/save_icon.svg"],"assets/icons/staff_icons/staff_fill_marks_icon.svg":["assets/icons/staff_icons/staff_fill_marks_icon.svg"],"assets/icons/staff_icons/staff_message_icon.svg":["assets/icons/staff_icons/staff_message_icon.svg"],"assets/icons/staff_icons/staff_payroll_icon.svg":["assets/icons/staff_icons/staff_payroll_icon.svg"],"assets/icons/today_attend_icon.svg":["assets/icons/today_attend_icon.svg"],"assets/icons/topAppBar/iroots_white_logo.png":["assets/icons/topAppBar/iroots_white_logo.png"],"assets/icons/topAppBar/noti_icon.svg":["assets/icons/topAppBar/noti_icon.svg"],"assets/icons/topAppBar/side_menu_icon.svg":["assets/icons/topAppBar/side_menu_icon.svg"],"assets/images/logo.jpeg":["assets/images/logo.jpeg"],"assets/images/logo.png":["assets/images/logo.png"],"assets/images/nirmala.jpg":["assets/images/nirmala.jpg"],"assets/images/profile.png":["assets/images/profile.png"],"assets/images/slider1.png":["assets/images/slider1.png"],"assets/images/slider10.png":["assets/images/slider10.png"],"assets/images/slider11.png":["assets/images/slider11.png"],"assets/images/slider12.png":["assets/images/slider12.png"],"assets/images/slider13.png":["assets/images/slider13.png"],"assets/images/slider14.png":["assets/images/slider14.png"],"assets/images/slider15.png":["assets/images/slider15.png"],"assets/images/slider2.png":["assets/images/slider2.png"],"assets/images/slider3.png":["assets/images/slider3.png"],"assets/images/slider4.png":["assets/images/slider4.png"],"assets/images/slider5.png":["assets/images/slider5.png"],"assets/images/slider6.png":["assets/images/slider6.png"],"assets/images/slider7.png":["assets/images/slider7.png"],"assets/images/slider8.png":["assets/images/slider8.png"],"assets/images/slider9.png":["assets/images/slider9.png"],"assets/images/staff/staff_profile.png":["assets/images/staff/staff_profile.png"],"assets/images/stmary.jpeg":["assets/images/stmary.jpeg"],"assets/images/stpaul.jpeg":["assets/images/stpaul.jpeg"],"assets/images/studentimg.png":["assets/images/studentimg.png"],"assets/images/thomas.jpeg":["assets/images/thomas.jpeg"],"assets/images/thomas.png":["assets/images/thomas.png"],"assets/new/admin/admincard1.png":["assets/new/admin/admincard1.png"],"assets/new/admin/admincard2.png":["assets/new/admin/admincard2.png"],"assets/new/admin/admincard3.png":["assets/new/admin/admincard3.png"],"assets/new/admin/admincard5.png":["assets/new/admin/admincard5.png"],"assets/new/attendance1.png":["assets/new/attendance1.png"],"assets/new/evgschool.png":["assets/new/evgschool.png"],"assets/new/exam1.png":["assets/new/exam1.png"],"assets/new/femalestaff.png":["assets/new/femalestaff.png"],"assets/new/homework1.png":["assets/new/homework1.png"],"assets/new/irooticon.png":["assets/new/irooticon.png"],"assets/new/library1.png":["assets/new/library1.png"],"assets/new/malestaff.png":["assets/new/malestaff.png"],"assets/new/newlogo.png":["assets/new/newlogo.png"],"assets/new/payment1.png":["assets/new/payment1.png"],"assets/new/paymentimg.jpg":["assets/new/paymentimg.jpg"],"assets/new/stmarywilliam.jpeg":["assets/new/stmarywilliam.jpeg"],"assets/new/stpaulicon.jpeg":["assets/new/stpaulicon.jpeg"],"assets/new/sttomasicon.jpeg":["assets/new/sttomasicon.jpeg"],"assets/new/timetable1.png":["assets/new/timetable1.png"],"packages/cupertino_icons/assets/CupertinoIcons.ttf":["packages/cupertino_icons/assets/CupertinoIcons.ttf"],"packages/flutter_inappwebview/assets/t_rex_runner/t-rex.css":["packages/flutter_inappwebview/assets/t_rex_runner/t-rex.css"],"packages/flutter_inappwebview/assets/t_rex_runner/t-rex.html":["packages/flutter_inappwebview/assets/t_rex_runner/t-rex.html"],"packages/flutter_inappwebview_web/assets/web/web_support.js":["packages/flutter_inappwebview_web/assets/web/web_support.js"],"packages/fluttertoast/assets/toastify.css":["packages/fluttertoast/assets/toastify.css"],"packages/fluttertoast/assets/toastify.js":["packages/fluttertoast/assets/toastify.js"]}